id,edad,ingreso,educacion,experiencia,satisfaccion
1,23.0,66996.0,4,9.0,1.0
2,31.0,24318.0,4,12.0,8.0
3,50.0,52899.0,3,9.0,8.0
4,37.0,61847.0,4,18.0,4.0
5,46.0,65480.0,4,8.0,9.0
6,42.0,33335.0,2,9.0,6.0
7,,44204.0,3,12.0,4.0
8,42.0,50612.0,2,0.0,6.0
9,31.0,65919.0,1,5.0,3.0
10,31.0,79547.0,2,15.0,9.0
11,36.0,53445.0,3,13.0,3.0
12,18.0,69306.0,3,11.0,10.0
13,49.0,47401.0,2,13.0,7.0
14,27.0,44753.0,3,2.0,8.0
15,47.0,331505.0,2,11.0,4.0
16,37.0,74599.0,2,6.0,3.0
17,53.0,78283.0,3,13.0,6.0
18,27.0,39276.0,1,22.0,6.0
19,31.0,34984.0,4,1.0,6.0
20,39.0,75140.0,4,21.0,8.0
21,18.0,18178.0,4,6.0,1.0
22,,46862.0,4,14.0,7.0
23,53.0,40726.0,2,3.0,5.0
24,49.0,71157.0,4,8.0,2.0
25,44.0,52105.0,3,2.0,2.0
26,33.0,58098.0,3,19.0,3.0
27,50.0,52725.0,4,24.0,
28,48.0,46183.0,4,6.0,7.0
29,40.0,58807.0,4,8.0,2.0
30,,35945.0,4,19.0,4.0
31,31.0,34383.0,3,4.0,3.0
32,20.0,43541.0,3,1.0,7.0
33,50.0,47090.0,3,15.0,2.0
34,18.0,39066.0,2,10.0,1.0
35,31.0,51677.0,4,19.0,6.0
36,37.0,83202.0,4,10.0,5.0
37,45.0,45951.0,3,0.0,9.0
38,56.0,63567.0,5,24.0,7.0
39,47.0,45469.0,3,8.0,9.0
40,32.0,337805.0,2,14.0,8.0
41,44.0,32748.0,5,10.0,8.0
42,20.0,63527.0,4,1.0,2.0
43,52.0,55332.0,3,0.0,10.0
44,33.0,56226.0,4,19.0,7.0
45,,31050.0,3,14.0,2.0
46,27.0,43036.0,3,23.0,7.0
47,34.0,70465.0,5,11.0,7.0
48,30.0,27062.0,2,11.0,8.0
49,62.0,43888.0,2,7.0,9.0
50,26.0,56838.0,4,0.0,4.0
51,35.0,79504.0,4,15.0,5.0
52,35.0,68130.0,2,8.0,7.0
53,35.0,70572.0,4,10.0,2.0
54,36.0,42994.0,4,11.0,5.0
55,29.0,52869.0,2,19.0,6.0
56,28.0,38826.0,3,9.0,4.0
57,25.0,45360.0,2,5.0,4.0
58,18.0,51647.0,3,10.0,3.0
59,38.0,38600.0,4,23.0,10.0
60,47.0,69737.0,3,12.0,10.0
61,28.0,50622.0,2,11.0,8.0
62,28.0,44463.0,3,8.0,7.0
63,31.0,36714.0,3,8.0,6.0
64,29.0,68793.0,3,3.0,8.0
65,18.0,59732.0,3,6.0,1.0
66,51.0,45507.0,3,11.0,2.0
67,40.0,31776.0,3,1.0,3.0
68,26.0,61777.0,3,9.0,5.0
69,39.0,47427.0,1,2.0,7.0
70,30.0,64110.0,2,4.0,1.0
71,32.0,50062.0,5,7.0,4.0
72,39.0,71079.0,4,10.0,7.0
73,46.0,49018.0,3,9.0,4.0
74,53.0,73610.0,1,20.0,9.0
75,55.0,61845.0,2,19.0,3.0
76,32.0,29665.0,1,8.0,6.0
77,29.0,45416.0,2,9.0,7.0
78,,73193.0,4,5.0,6.0
79,37.0,54031.0,3,21.0,4.0
80,26.0,41995.0,1,18.0,7.0
81,28.0,51254.0,4,3.0,2.0
82,45.0,67172.0,1,9.0,9.0
83,,55582.0,2,19.0,9.0
84,32.0,47079.0,2,7.0,4.0
85,27.0,24572.0,5,7.0,6.0
86,32.0,75135.0,2,17.0,1.0
87,23.0,36052.0,5,6.0,9.0
88,32.0,65849.0,3,25.0,4.0
89,40.0,26722.0,4,13.0,2.0
90,34.0,41662.0,3,7.0,6.0
91,50.0,36961.0,4,0.0,5.0
92,37.0,62797.0,1,16.0,4.0
93,41.0,41288.0,3,1.0,9.0
94,33.0,58481.0,2,13.0,1.0
95,,76117.0,4,12.0,6.0
96,20.0,51845.0,1,14.0,9.0
97,31.0,36644.0,4,0.0,6.0
98,21.0,45252.0,1,5.0,10.0
99,45.0,34876.0,3,14.0,4.0
100,45.0,62570.0,3,14.0,1.0
101,29.0,60445.0,5,21.0,9.0
102,55.0,54543.0,4,5.0,8.0
103,31.0,34088.0,1,0.0,4.0
104,18.0,17025.0,4,0.0,8.0
105,32.0,44638.0,4,11.0,4.0
106,39.0,45060.0,2,18.0,2.0
107,32.0,35307.0,4,7.0,5.0
108,62.0,36527.0,3,6.0,9.0
109,45.0,44311.0,3,16.0,10.0
110,56.0,61764.0,4,10.0,8.0
111,52.0,18617.0,2,8.0,8.0
112,18.0,42513.0,1,7.0,8.0
113,,63470.0,5,11.0,6.0
114,18.0,17294.0,5,8.0,8.0
115,27.0,47579.0,4,14.0,7.0
116,48.0,50469.0,3,5.0,4.0
117,25.0,51548.0,4,12.0,2.0
118,27.0,77257.0,2,4.0,6.0
119,39.0,49580.0,5,1.0,4.0
120,,39644.0,3,15.0,8.0
121,31.0,43250.0,4,9.0,
122,32.0,50600.0,4,5.0,8.0
123,45.0,36224.0,2,2.0,5.0
124,38.0,26824.0,1,7.0,10.0
125,,37881.0,4,18.0,5.0
126,39.0,45708.0,1,12.0,2.0
127,36.0,74800.0,3,17.0,9.0
128,38.0,40414.0,3,14.0,9.0
129,59.0,40910.0,2,19.0,9.0
130,31.0,29279.0,5,11.0,10.0
131,29.0,70101.0,4,16.0,7.0
132,52.0,55520.0,3,0.0,2.0
133,27.0,310415.0,5,12.0,5.0
134,56.0,57049.0,3,0.0,3.0
135,33.0,39318.0,5,16.0,5.0
136,36.0,53115.0,1,29.0,4.0
137,44.0,35174.0,4,8.0,2.0
138,50.0,57103.0,4,20.0,2.0
139,47.0,67970.0,2,16.0,10.0
140,33.0,88764.0,4,8.0,9.0
141,31.0,36719.0,2,7.0,3.0
142,39.0,68523.0,3,14.0,1.0
143,37.0,63179.0,3,11.0,8.0
144,27.0,32545.0,3,11.0,5.0
145,40.0,53666.0,4,9.0,7.0
146,47.0,70446.0,2,8.0,4.0
147,37.0,40574.0,3,4.0,9.0
148,54.0,56623.0,3,0.0,4.0
149,40.0,47625.0,3,9.0,1.0
150,33.0,55298.0,3,12.0,4.0
151,36.0,39080.0,3,0.0,9.0
152,28.0,51378.0,5,5.0,1.0
153,23.0,57216.0,4,0.0,
154,,41910.0,5,15.0,10.0
155,25.0,37621.0,3,17.0,7.0
156,31.0,49029.0,2,6.0,6.0
157,34.0,42483.0,4,9.0,10.0
158,40.0,50547.0,3,12.0,10.0
159,41.0,38665.0,3,8.0,5.0
160,36.0,63446.0,1,14.0,8.0
161,18.0,54070.0,4,23.0,6.0
162,33.0,28859.0,2,17.0,6.0
163,26.0,71848.0,4,16.0,2.0
164,34.0,37516.0,2,23.0,6.0
165,47.0,44931.0,1,1.0,8.0
166,45.0,67261.0,2,12.0,3.0
167,38.0,38093.0,3,0.0,8.0
168,41.0,80925.0,3,22.0,5.0
169,18.0,15103.0,4,15.0,5.0
170,37.0,6670.0,3,9.0,7.0
171,42.0,53355.0,4,7.0,7.0
172,27.0,28467.0,4,6.0,9.0
173,40.0,51217.0,3,8.0,6.0
174,30.0,37361.0,4,0.0,3.0
175,47.0,45487.0,3,6.0,4.0
176,48.0,54339.0,1,6.0,9.0
177,29.0,51496.0,1,4.0,7.0
178,53.0,46196.0,2,6.0,7.0
179,33.0,42877.0,5,8.0,4.0
180,60.0,46806.0,3,12.0,2.0
181,29.0,39729.0,3,16.0,9.0
182,36.0,67691.0,5,7.0,7.0
183,38.0,34038.0,1,0.0,7.0
184,26.0,54125.0,3,8.0,10.0
185,18.0,54981.0,2,4.0,7.0
186,25.0,23350.0,1,10.0,5.0
187,48.0,54785.0,1,-0.0,5.0
188,31.0,335050.0,4,4.0,2.0
189,31.0,46704.0,3,4.0,2.0
190,53.0,60117.0,5,12.0,5.0
191,41.0,49003.0,3,4.0,3.0
192,43.0,52419.0,4,4.0,4.0
193,45.0,62822.0,4,8.0,3.0
194,24.0,47501.0,3,12.0,4.0
195,36.0,58484.0,3,4.0,5.0
196,37.0,26719.0,3,0.0,9.0
197,33.0,51505.0,4,3.0,3.0
198,22.0,23413.0,3,9.0,6.0
199,41.0,43762.0,4,12.0,5.0
200,18.0,39750.0,4,20.0,4.0
201,24.0,56212.0,3,1.0,9.0
202,25.0,43660.0,4,4.0,2.0
203,30.0,77893.0,4,15.0,2.0
204,45.0,44102.0,2,4.0,7.0
205,55.0,34091.0,4,12.0,6.0
206,56.0,18721.0,4,15.0,
207,45.0,49621.0,2,8.0,3.0
208,40.0,44972.0,1,14.0,9.0
209,18.0,61546.0,1,21.0,1.0
210,49.0,63103.0,4,15.0,2.0
211,67.0,61539.0,4,14.0,7.0
212,40.0,36182.0,4,19.0,4.0
213,38.0,31353.0,2,19.0,4.0
214,43.0,43648.0,4,21.0,1.0
215,44.0,36352.0,3,6.0,5.0
216,37.0,52010.0,4,8.0,7.0
217,31.0,45501.0,3,5.0,9.0
218,39.0,60708.0,1,8.0,2.0
219,19.0,42107.0,2,1.0,1.0
220,18.0,22206.0,5,2.0,5.0
221,51.0,60276.0,4,8.0,9.0
222,30.0,88592.0,3,0.0,6.0
223,44.0,59575.0,5,5.0,7.0
224,54.0,26627.0,2,2.0,2.0
225,50.0,27681.0,3,16.0,2.0
226,28.0,74034.0,1,17.0,7.0
227,39.0,47941.0,3,13.0,9.0
228,21.0,49833.0,5,15.0,8.0
229,34.0,41376.0,2,19.0,2.0
230,48.0,64884.0,3,15.0,6.0
231,35.0,53154.0,3,13.0,9.0
232,18.0,31921.0,4,0.0,6.0
233,18.0,42457.0,4,0.0,7.0
234,25.0,45649.0,3,10.0,5.0
235,51.0,42869.0,2,17.0,8.0
236,37.0,61136.0,3,11.0,2.0
237,37.0,36909.0,3,11.0,3.0
238,19.0,43550.0,3,1.0,5.0
239,37.0,74638.0,2,5.0,5.0
240,,76092.0,2,20.0,2.0
241,39.0,78518.0,4,7.0,7.0
242,49.0,56276.0,3,8.0,4.0
243,25.0,62593.0,2,4.0,2.0
244,48.0,38033.0,5,21.0,6.0
245,26.0,39497.0,2,3.0,6.0
246,37.0,27670.0,3,15.0,8.0
247,33.0,57465.0,4,-0.0,5.0
248,36.0,60773.0,3,0.0,3.0
249,53.0,58961.0,5,11.0,
250,46.0,45102.0,5,7.0,4.0
251,27.0,44329.0,1,18.0,6.0
252,,64310.0,2,14.0,3.0
253,46.0,34900.0,3,18.0,3.0
254,44.0,53120.0,3,9.0,9.0
255,37.0,68494.0,5,9.0,9.0
256,,58055.0,2,9.0,3.0
257,54.0,56182.0,2,26.0,1.0
258,18.0,57767.0,4,7.0,5.0
259,26.0,57189.0,4,19.0,8.0
260,18.0,48048.0,3,0.0,6.0
261,39.0,24880.0,5,0.0,6.0
262,29.0,22055.0,1,10.0,4.0
263,60.0,54123.0,4,4.0,6.0
264,35.0,46523.0,3,0.0,5.0
265,32.0,77298.0,1,23.0,4.0
266,42.0,52224.0,4,18.0,9.0
267,26.0,82500.0,5,18.0,5.0
268,22.0,37613.0,1,11.0,8.0
269,41.0,71815.0,4,16.0,3.0
270,,57740.0,2,5.0,6.0
271,47.0,70635.0,2,12.0,4.0
272,,37620.0,3,12.0,4.0
273,36.0,38582.0,1,20.0,3.0
274,,42334.0,1,15.0,9.0
275,34.0,73016.0,4,5.0,4.0
276,40.0,57980.0,3,4.0,1.0
277,30.0,69317.0,5,22.0,2.0
278,18.0,34089.0,4,4.0,6.0
279,36.0,75370.0,3,4.0,3.0
280,29.0,69269.0,2,12.0,9.0
281,18.0,41130.0,2,0.0,8.0
282,44.0,39291.0,4,-0.0,9.0
283,30.0,49463.0,3,15.0,5.0
284,18.0,58642.0,5,14.0,3.0
285,34.0,47552.0,2,13.0,3.0
286,27.0,59716.0,4,27.0,7.0
287,18.0,32633.0,3,16.0,8.0
288,39.0,70158.0,2,18.0,1.0
289,22.0,68041.0,5,2.0,5.0
290,44.0,63538.0,3,8.0,7.0
291,24.0,34675.0,2,3.0,9.0
292,47.0,64739.0,2,12.0,5.0
293,40.0,33502.0,4,13.0,6.0
294,36.0,70984.0,3,7.0,9.0
295,26.0,31272.0,4,10.0,4.0
296,46.0,47074.0,2,15.0,10.0
297,41.0,62685.0,3,12.0,7.0
298,31.0,34425.0,4,15.0,3.0
299,42.0,21409.0,1,9.0,6.0
300,23.0,42205.0,4,5.0,5.0
301,20.0,42836.0,2,3.0,2.0
302,34.0,215430.0,4,4.0,2.0
303,36.0,51845.0,3,14.0,5.0
304,40.0,48817.0,3,13.0,3.0
305,36.0,253705.0,3,8.0,4.0
306,50.0,36770.0,5,11.0,
307,20.0,43054.0,3,0.0,8.0
308,42.0,56147.0,1,11.0,5.0
309,38.0,35605.0,3,12.0,6.0
310,51.0,32485.0,3,3.0,2.0
311,36.0,48934.0,3,13.0,1.0
312,39.0,83318.0,3,3.0,5.0
313,56.0,82382.0,4,14.0,8.0
314,45.0,14172.0,1,11.0,7.0
315,42.0,42835.0,3,16.0,7.0
316,30.0,47352.0,4,16.0,8.0
317,37.0,47593.0,4,20.0,2.0
318,18.0,48717.0,2,7.0,1.0
319,25.0,40376.0,4,16.0,9.0
320,43.0,46463.0,3,8.0,6.0
321,18.0,32026.0,4,10.0,5.0
322,,25241.0,2,9.0,2.0
323,35.0,32758.0,5,4.0,5.0
324,40.0,246955.0,4,11.0,4.0
325,18.0,59148.0,2,19.0,3.0
326,18.0,84895.0,4,8.0,8.0
327,48.0,39452.0,2,18.0,1.0
328,36.0,64301.0,3,0.0,5.0
329,40.0,48735.0,3,21.0,6.0
330,54.0,44047.0,4,2.0,6.0
331,37.0,59887.0,4,13.0,
332,18.0,47537.0,2,20.0,6.0
333,31.0,38165.0,3,-0.0,7.0
334,45.0,38777.0,3,13.0,9.0
335,,35058.0,5,20.0,5.0
336,31.0,33531.0,3,11.0,8.0
337,28.0,56503.0,2,9.0,8.0
338,53.0,52801.0,5,10.0,2.0
339,50.0,32993.0,3,12.0,5.0
340,,27348.0,2,14.0,9.0
341,58.0,63970.0,4,14.0,6.0
342,26.0,46805.0,3,6.0,7.0
343,59.0,47662.0,3,7.0,9.0
344,19.0,47184.0,2,16.0,4.0
345,48.0,47684.0,3,20.0,9.0
346,28.0,36009.0,4,10.0,9.0
347,33.0,67015.0,2,8.0,7.0
348,46.0,65825.0,4,13.0,5.0
349,26.0,51824.0,5,17.0,7.0
350,39.0,10783.0,3,11.0,3.0
351,39.0,50344.0,2,11.0,1.0
352,49.0,50378.0,1,17.0,8.0
353,51.0,59087.0,2,14.0,7.0
354,58.0,57074.0,4,18.0,6.0
355,39.0,68031.0,2,11.0,5.0
356,,46776.0,1,9.0,3.0
357,28.0,14457.0,4,8.0,2.0
358,26.0,77030.0,4,2.0,
359,19.0,79231.0,3,14.0,4.0
360,32.0,58509.0,3,7.0,2.0
361,37.0,25950.0,1,21.0,8.0
362,35.0,62570.0,3,4.0,1.0
363,42.0,49219.0,1,10.0,3.0
364,19.0,31615.0,5,4.0,3.0
365,56.0,60799.0,2,10.0,5.0
366,39.0,89616.0,5,3.0,3.0
367,48.0,52256.0,4,3.0,5.0
368,39.0,49752.0,3,9.0,10.0
369,24.0,33683.0,5,14.0,6.0
370,31.0,43780.0,3,21.0,7.0
371,18.0,78011.0,5,20.0,3.0
372,38.0,45688.0,4,1.0,
373,,41814.0,2,8.0,7.0
374,50.0,42283.0,5,24.0,2.0
375,18.0,54931.0,3,6.0,6.0
376,34.0,33631.0,4,8.0,5.0
377,31.0,57053.0,2,6.0,2.0
378,20.0,37849.0,3,14.0,9.0
379,18.0,59857.0,1,17.0,9.0
380,21.0,75788.0,3,11.0,7.0
381,47.0,42209.0,2,5.0,4.0
382,47.0,55137.0,1,16.0,7.0
383,18.0,63024.0,1,11.0,4.0
384,33.0,60429.0,2,1.0,7.0
385,41.0,58028.0,4,4.0,6.0
386,39.0,69731.0,4,19.0,3.0
387,18.0,13505.0,3,20.0,2.0
388,28.0,47816.0,2,10.0,8.0
389,18.0,35901.0,1,16.0,10.0
390,47.0,56117.0,3,17.0,9.0
391,66.0,70682.0,3,8.0,2.0
392,34.0,54078.0,3,8.0,4.0
393,18.0,41880.0,4,13.0,
394,45.0,59375.0,1,15.0,6.0
395,54.0,85851.0,2,3.0,3.0
396,53.0,46967.0,4,8.0,6.0
397,37.0,47910.0,1,15.0,6.0
398,41.0,286000.0,3,21.0,6.0
399,36.0,48628.0,2,8.0,8.0
400,44.0,64892.0,4,5.0,6.0
401,46.0,32883.0,2,7.0,10.0
402,26.0,42041.0,4,7.0,7.0
403,28.0,14082.0,3,9.0,8.0
404,31.0,51445.0,5,1.0,5.0
405,32.0,53659.0,2,16.0,2.0
406,37.0,39246.0,2,0.0,6.0
407,48.0,37217.0,3,0.0,7.0
408,19.0,54305.0,2,6.0,2.0
409,46.0,90905.0,3,14.0,2.0
410,33.0,30787.0,2,5.0,7.0
411,18.0,285545.0,3,13.0,6.0
412,30.0,47070.0,4,10.0,4.0
413,32.0,12177.0,3,0.0,2.0
414,42.0,63624.0,5,19.0,9.0
415,42.0,52063.0,4,9.0,9.0
416,35.0,194915.0,3,10.0,4.0
417,25.0,48424.0,4,0.0,2.0
418,46.0,40701.0,2,9.0,8.0
419,27.0,70728.0,5,16.0,1.0
420,21.0,37356.0,1,8.0,6.0
421,27.0,25505.0,3,4.0,4.0
422,29.0,49268.0,2,10.0,4.0
423,,39471.0,4,10.0,1.0
424,30.0,76434.0,4,16.0,6.0
425,31.0,46966.0,5,18.0,2.0
426,44.0,69948.0,3,18.0,4.0
427,45.0,48160.0,4,10.0,2.0
428,41.0,28250.0,5,22.0,5.0
429,31.0,85366.0,3,0.0,7.0
430,27.0,40296.0,2,15.0,4.0
431,,42867.0,4,8.0,
432,33.0,348135.0,5,0.0,3.0
433,45.0,69053.0,1,3.0,7.0
434,32.0,59059.0,3,12.0,7.0
435,21.0,57904.0,4,12.0,5.0
436,,79922.0,4,7.0,6.0
437,56.0,75660.0,4,12.0,
438,24.0,64850.0,4,6.0,3.0
439,20.0,53492.0,2,15.0,5.0
440,31.0,17429.0,3,12.0,3.0
441,56.0,56280.0,5,2.0,5.0
442,36.0,43651.0,2,11.0,5.0
443,,78089.0,1,16.0,2.0
444,18.0,48778.0,2,5.0,10.0
445,18.0,47347.0,4,0.0,1.0
446,35.0,46200.0,1,7.0,8.0
447,30.0,59824.0,4,15.0,6.0
448,40.0,45926.0,5,7.0,4.0
449,22.0,61120.0,2,15.0,8.0
450,48.0,71918.0,4,0.0,5.0
451,51.0,53517.0,3,3.0,3.0
452,18.0,314490.0,2,13.0,9.0
453,38.0,61713.0,4,12.0,4.0
454,32.0,61973.0,2,8.0,1.0
455,52.0,28357.0,5,5.0,7.0
456,38.0,39811.0,3,16.0,8.0
457,46.0,57239.0,4,8.0,7.0
458,34.0,58179.0,4,21.0,3.0
459,39.0,53237.0,2,10.0,5.0
460,61.0,14410.0,1,10.0,6.0
461,60.0,36230.0,4,6.0,5.0
462,18.0,21045.0,3,18.0,8.0
463,40.0,76229.0,2,1.0,1.0
464,38.0,27141.0,2,15.0,3.0
465,22.0,52490.0,4,7.0,10.0
466,26.0,62924.0,3,2.0,1.0
467,37.0,185720.0,2,11.0,4.0
468,46.0,31113.0,3,4.0,2.0
469,41.0,48076.0,4,19.0,7.0
470,30.0,17229.0,4,6.0,8.0
471,22.0,48522.0,5,2.0,3.0
472,,40206.0,2,1.0,8.0
473,53.0,55962.0,3,21.0,2.0
474,28.0,19703.0,4,12.0,1.0
475,25.0,59766.0,2,7.0,3.0
476,,64894.0,3,15.0,5.0
477,34.0,37015.0,2,10.0,7.0
478,35.0,55696.0,3,10.0,5.0
479,43.0,49263.0,4,17.0,2.0
480,29.0,73902.0,4,15.0,1.0
481,22.0,61484.0,4,0.0,7.0
482,33.0,48929.0,3,10.0,4.0
483,36.0,24259.0,4,16.0,5.0
484,22.0,29867.0,4,12.0,3.0
485,22.0,43026.0,3,11.0,7.0
486,22.0,37461.0,3,0.0,3.0
487,45.0,40075.0,3,18.0,6.0
488,,67117.0,3,5.0,7.0
489,50.0,52860.0,4,10.0,3.0
490,24.0,65319.0,4,16.0,6.0
491,27.0,50346.0,4,18.0,7.0
492,20.0,48155.0,5,5.0,8.0
493,57.0,39776.0,3,13.0,9.0
494,,32166.0,5,7.0,6.0
495,35.0,52290.0,5,10.0,6.0
496,29.0,71161.0,4,11.0,8.0
497,37.0,49070.0,4,18.0,3.0
498,22.0,61269.0,1,7.0,5.0
499,28.0,35231.0,2,21.0,3.0
500,24.0,45143.0,4,13.0,3.0
501,18.0,49718.0,3,0.0,8.0
502,38.0,53443.0,2,10.0,1.0
503,44.0,49419.0,4,0.0,5.0
504,47.0,49714.0,3,13.0,6.0
505,54.0,46674.0,3,10.0,7.0
506,46.0,57594.0,5,10.0,8.0
507,,56124.0,4,26.0,8.0
508,,44141.0,2,7.0,3.0
509,29.0,37580.0,2,13.0,4.0
510,45.0,38578.0,4,32.0,8.0
511,32.0,75543.0,1,18.0,10.0
512,18.0,54973.0,4,12.0,3.0
513,35.0,63830.0,1,14.0,10.0
514,36.0,62367.0,3,9.0,3.0
515,21.0,51433.0,5,16.0,6.0
516,41.0,55173.0,3,2.0,2.0
517,49.0,56276.0,3,11.0,8.0
518,21.0,27426.0,3,5.0,3.0
519,44.0,56463.0,2,14.0,4.0
520,45.0,39877.0,4,20.0,3.0
521,24.0,38988.0,2,1.0,3.0
522,30.0,54327.0,4,11.0,2.0
523,22.0,91789.0,5,13.0,2.0
524,28.0,24688.0,1,6.0,10.0
525,34.0,19462.0,1,12.0,8.0
526,49.0,51548.0,4,16.0,7.0
527,27.0,20045.0,4,12.0,6.0
528,,47852.0,2,7.0,3.0
529,18.0,18705.0,3,17.0,2.0
530,27.0,56745.0,2,22.0,9.0
531,19.0,49117.0,2,12.0,9.0
532,37.0,36091.0,3,18.0,3.0
533,38.0,68230.0,1,13.0,4.0
534,18.0,52850.0,3,1.0,2.0
535,39.0,59430.0,4,16.0,
536,32.0,32394.0,4,18.0,6.0
537,32.0,55595.0,3,19.0,3.0
538,29.0,32883.0,3,10.0,3.0
539,47.0,428130.0,5,29.0,7.0
540,42.0,63878.0,4,15.0,9.0
541,37.0,52751.0,3,10.0,3.0
542,,66379.0,3,2.0,4.0
543,35.0,52389.0,1,4.0,7.0
544,37.0,47322.0,3,6.0,3.0
545,41.0,52299.0,2,1.0,4.0
546,32.0,23067.0,2,22.0,2.0
547,21.0,43365.0,1,16.0,6.0
548,56.0,53378.0,2,0.0,10.0
549,46.0,38999.0,3,11.0,5.0
550,19.0,81385.0,2,12.0,8.0
551,23.0,44579.0,3,10.0,8.0
552,22.0,53783.0,3,30.0,1.0
553,18.0,79818.0,3,5.0,5.0
554,39.0,61927.0,1,22.0,2.0
555,53.0,82225.0,1,9.0,3.0
556,40.0,262080.0,3,26.0,9.0
557,54.0,27319.0,1,0.0,2.0
558,30.0,12766.0,1,12.0,9.0
559,38.0,31263.0,5,24.0,1.0
560,24.0,53229.0,3,14.0,5.0
561,35.0,64045.0,2,2.0,6.0
562,48.0,64978.0,4,0.0,1.0
563,44.0,29988.0,3,5.0,9.0
564,47.0,39788.0,5,2.0,6.0
565,30.0,56732.0,2,0.0,6.0
566,46.0,16644.0,2,22.0,7.0
567,,36334.0,5,10.0,3.0
568,42.0,53272.0,5,4.0,
569,18.0,52446.0,5,2.0,
570,38.0,63858.0,5,0.0,8.0
571,38.0,51333.0,1,14.0,8.0
572,27.0,44982.0,4,12.0,7.0
573,23.0,36212.0,1,4.0,5.0
574,25.0,54366.0,3,22.0,2.0
575,49.0,45458.0,3,4.0,6.0
576,37.0,61304.0,2,5.0,1.0
577,55.0,29346.0,4,11.0,
578,,76667.0,2,2.0,6.0
579,40.0,39127.0,3,13.0,4.0
580,54.0,43715.0,3,0.0,7.0
581,57.0,60581.0,4,4.0,4.0
582,29.0,59532.0,3,21.0,6.0
583,54.0,57934.0,2,11.0,4.0
584,48.0,40710.0,3,13.0,8.0
585,49.0,17418.0,2,6.0,4.0
586,38.0,47164.0,3,16.0,2.0
587,47.0,60408.0,4,9.0,2.0
588,46.0,56399.0,4,3.0,9.0
589,28.0,64100.0,4,21.0,9.0
590,18.0,44256.0,5,12.0,4.0
591,49.0,37946.0,4,18.0,5.0
592,,31757.0,3,8.0,8.0
593,44.0,58480.0,3,4.0,5.0
594,30.0,53207.0,3,13.0,5.0
595,30.0,49065.0,3,13.0,5.0
596,18.0,48732.0,3,14.0,6.0
597,55.0,45628.0,4,15.0,4.0
598,,43752.0,3,5.0,3.0
599,45.0,59854.0,5,24.0,5.0
600,31.0,38232.0,5,15.0,9.0
601,18.0,72745.0,3,16.0,9.0
602,45.0,72696.0,2,0.0,3.0
603,50.0,75791.0,3,0.0,7.0
604,58.0,68533.0,2,3.0,3.0
605,34.0,41248.0,2,0.0,5.0
606,29.0,64074.0,4,8.0,8.0
607,37.0,48408.0,5,13.0,3.0
608,23.0,51762.0,4,12.0,8.0
609,25.0,56965.0,2,15.0,9.0
610,43.0,46665.0,3,28.0,5.0
611,32.0,49983.0,5,1.0,2.0
612,29.0,61084.0,2,4.0,9.0
613,40.0,64240.0,2,18.0,2.0
614,31.0,61849.0,5,6.0,7.0
615,64.0,88045.0,4,1.0,8.0
616,32.0,81939.0,4,4.0,8.0
617,54.0,51511.0,3,12.0,8.0
618,44.0,52077.0,4,11.0,2.0
619,47.0,56471.0,5,10.0,1.0
620,39.0,59749.0,4,12.0,4.0
621,33.0,74301.0,3,13.0,7.0
622,35.0,39747.0,3,1.0,9.0
623,28.0,40986.0,5,6.0,1.0
624,40.0,48409.0,4,15.0,8.0
625,47.0,95536.0,3,13.0,5.0
626,18.0,70086.0,2,1.0,7.0
627,20.0,26252.0,2,9.0,5.0
628,21.0,51940.0,1,11.0,3.0
629,43.0,22551.0,1,1.0,5.0
630,43.0,56605.0,3,0.0,2.0
631,30.0,236475.0,3,3.0,9.0
632,53.0,70146.0,1,17.0,4.0
633,30.0,70334.0,2,0.0,9.0
634,41.0,75949.0,3,11.0,4.0
635,45.0,55782.0,5,1.0,2.0
636,33.0,60433.0,4,6.0,7.0
637,47.0,68331.0,5,25.0,6.0
638,31.0,60491.0,3,14.0,6.0
639,35.0,38688.0,3,23.0,10.0
640,36.0,36900.0,4,0.0,8.0
641,44.0,58469.0,4,10.0,4.0
642,52.0,26025.0,4,16.0,10.0
643,26.0,75699.0,3,13.0,4.0
644,18.0,36712.0,1,11.0,10.0
645,43.0,68822.0,2,4.0,6.0
646,18.0,47433.0,5,20.0,9.0
647,36.0,27491.0,2,6.0,1.0
648,42.0,54284.0,3,22.0,2.0
649,18.0,45663.0,1,11.0,9.0
650,25.0,30427.0,3,18.0,4.0
651,31.0,66579.0,3,2.0,6.0
652,34.0,51968.0,2,11.0,8.0
653,35.0,49235.0,3,16.0,4.0
654,40.0,76189.0,2,4.0,5.0
655,43.0,27953.0,2,2.0,2.0
656,18.0,73476.0,5,6.0,2.0
657,50.0,61046.0,4,6.0,8.0
658,32.0,56281.0,2,23.0,6.0
659,30.0,11934.0,1,0.0,9.0
660,48.0,57876.0,2,5.0,7.0
661,29.0,45227.0,1,21.0,6.0
662,24.0,74555.0,2,9.0,4.0
663,18.0,49088.0,3,20.0,8.0
664,50.0,28521.0,4,10.0,8.0
665,18.0,41772.0,3,7.0,3.0
666,19.0,43201.0,1,23.0,3.0
667,18.0,55604.0,5,14.0,7.0
668,30.0,45464.0,4,10.0,4.0
669,,67009.0,3,2.0,5.0
670,49.0,61478.0,3,8.0,9.0
671,27.0,41524.0,4,5.0,3.0
672,21.0,78959.0,4,3.0,4.0
673,40.0,54233.0,5,18.0,3.0
674,22.0,35024.0,4,2.0,1.0
675,33.0,41301.0,4,1.0,7.0
676,46.0,71070.0,4,18.0,
677,25.0,69814.0,4,10.0,
678,31.0,63650.0,2,0.0,4.0
679,26.0,35779.0,4,13.0,4.0
680,31.0,38921.0,3,3.0,3.0
681,72.0,42975.0,4,9.0,5.0
682,18.0,73756.0,5,13.0,2.0
683,46.0,49992.0,5,23.0,7.0
684,36.0,60322.0,5,15.0,
685,27.0,26938.0,3,2.0,5.0
686,47.0,14974.0,2,19.0,7.0
687,50.0,48941.0,1,6.0,9.0
688,24.0,57933.0,5,3.0,
689,34.0,52449.0,3,14.0,7.0
690,28.0,55952.0,3,13.0,9.0
691,40.0,47221.0,4,0.0,7.0
692,37.0,53268.0,3,16.0,6.0
693,35.0,56686.0,3,9.0,7.0
694,40.0,44718.0,4,23.0,6.0
695,41.0,30791.0,4,-0.0,7.0
696,53.0,45582.0,2,6.0,6.0
697,25.0,69309.0,4,18.0,3.0
698,34.0,14581.0,4,11.0,5.0
699,64.0,40363.0,3,8.0,4.0
700,27.0,49961.0,3,13.0,9.0
701,50.0,28402.0,3,0.0,4.0
702,23.0,73886.0,2,12.0,6.0
703,44.0,47215.0,4,7.0,6.0
704,33.0,54760.0,5,0.0,7.0
705,40.0,38167.0,3,14.0,8.0
706,32.0,40839.0,3,7.0,2.0
707,51.0,48236.0,2,19.0,9.0
708,35.0,42840.0,3,13.0,6.0
709,33.0,41693.0,1,10.0,3.0
710,41.0,36150.0,3,10.0,7.0
711,27.0,58911.0,2,17.0,8.0
712,18.0,27719.0,1,0.0,9.0
713,18.0,67495.0,3,21.0,8.0
714,26.0,55544.0,5,15.0,5.0
715,56.0,46445.0,3,22.0,4.0
716,62.0,58885.0,1,8.0,3.0
717,19.0,150135.0,1,7.0,4.0
718,37.0,47291.0,4,3.0,9.0
719,27.0,33375.0,4,16.0,2.0
720,38.0,48875.0,4,5.0,
721,20.0,40252.0,1,15.0,1.0
722,39.0,32449.0,5,12.0,6.0
723,25.0,34102.0,2,8.0,2.0
724,21.0,54255.0,3,10.0,7.0
725,27.0,38329.0,1,16.0,6.0
726,18.0,31234.0,1,9.0,9.0
727,43.0,51334.0,4,14.0,7.0
728,25.0,55425.0,2,0.0,2.0
729,53.0,47562.0,4,3.0,10.0
730,45.0,29993.0,1,6.0,10.0
731,50.0,66661.0,1,17.0,7.0
732,30.0,48778.0,3,6.0,9.0
733,51.0,70885.0,4,14.0,1.0
734,51.0,47963.0,5,6.0,4.0
735,30.0,63567.0,5,3.0,9.0
736,36.0,24691.0,1,8.0,3.0
737,53.0,44113.0,5,8.0,9.0
738,37.0,42809.0,5,15.0,5.0
739,27.0,76031.0,5,16.0,5.0
740,48.0,41029.0,5,16.0,4.0
741,50.0,31024.0,4,20.0,3.0
742,24.0,41538.0,2,11.0,9.0
743,41.0,38289.0,4,0.0,9.0
744,35.0,49139.0,3,2.0,6.0
745,49.0,34643.0,5,8.0,4.0
746,26.0,35253.0,4,19.0,8.0
747,51.0,60795.0,4,3.0,6.0
748,46.0,15685.0,3,2.0,8.0
749,31.0,60312.0,2,13.0,8.0
750,29.0,64036.0,4,6.0,2.0
751,21.0,63971.0,4,17.0,9.0
752,52.0,24735.0,5,7.0,6.0
753,24.0,27397.0,5,9.0,9.0
754,33.0,47610.0,2,10.0,9.0
755,58.0,50406.0,2,9.0,4.0
756,45.0,26049.0,2,5.0,9.0
757,39.0,66181.0,3,3.0,5.0
758,38.0,74908.0,2,14.0,2.0
759,33.0,40132.0,4,8.0,4.0
760,19.0,44378.0,1,9.0,7.0
761,42.0,76585.0,2,0.0,8.0
762,22.0,54532.0,2,10.0,4.0
763,61.0,54314.0,5,13.0,10.0
764,18.0,52474.0,3,15.0,4.0
765,32.0,19546.0,3,23.0,8.0
766,36.0,34365.0,4,7.0,7.0
767,28.0,69475.0,3,10.0,4.0
768,36.0,32423.0,4,2.0,3.0
769,44.0,66139.0,4,0.0,8.0
770,53.0,59227.0,3,16.0,6.0
771,37.0,36428.0,2,0.0,5.0
772,35.0,61242.0,5,12.0,4.0
773,,57666.0,3,15.0,6.0
774,36.0,78511.0,3,22.0,7.0
775,26.0,52291.0,3,16.0,6.0
776,35.0,52235.0,2,18.0,7.0
777,51.0,33177.0,3,15.0,9.0
778,37.0,78884.0,4,18.0,4.0
779,35.0,16796.0,4,5.0,1.0
780,34.0,51803.0,1,26.0,8.0
781,42.0,55476.0,1,6.0,2.0
782,40.0,56441.0,1,6.0,10.0
783,41.0,56699.0,2,20.0,6.0
784,31.0,48812.0,3,27.0,9.0
785,18.0,74364.0,4,16.0,4.0
786,28.0,67235.0,2,16.0,1.0
787,35.0,64835.0,5,6.0,9.0
788,24.0,86642.0,1,8.0,8.0
789,44.0,39568.0,4,3.0,
790,24.0,46810.0,5,5.0,8.0
791,18.0,263800.0,3,23.0,10.0
792,45.0,29661.0,4,0.0,1.0
793,32.0,68118.0,5,17.0,3.0
794,35.0,43662.0,5,19.0,9.0
795,18.0,51568.0,3,9.0,5.0
796,31.0,280010.0,3,12.0,2.0
797,33.0,49748.0,1,0.0,7.0
798,36.0,35240.0,5,12.0,7.0
799,46.0,54773.0,2,4.0,1.0
800,27.0,32950.0,4,0.0,
801,32.0,50414.0,4,13.0,3.0
802,56.0,43720.0,5,4.0,9.0
803,33.0,58751.0,3,9.0,2.0
804,53.0,57961.0,3,10.0,1.0
805,18.0,45585.0,2,15.0,6.0
806,33.0,59358.0,2,8.0,8.0
807,50.0,60351.0,5,8.0,1.0
808,44.0,59761.0,3,7.0,10.0
809,54.0,28256.0,1,8.0,9.0
810,31.0,11455.0,3,16.0,7.0
811,37.0,48865.0,5,16.0,9.0
812,18.0,16054.0,4,7.0,5.0
813,18.0,54543.0,3,10.0,9.0
814,42.0,27107.0,4,8.0,6.0
815,28.0,56275.0,5,2.0,
816,45.0,32217.0,3,25.0,7.0
817,31.0,19221.0,2,5.0,2.0
818,42.0,19679.0,4,14.0,5.0
819,25.0,52761.0,2,11.0,7.0
820,22.0,18882.0,2,17.0,4.0
821,48.0,58813.0,3,0.0,6.0
822,,53001.0,2,15.0,1.0
823,35.0,71273.0,2,14.0,6.0
824,45.0,70279.0,3,0.0,2.0
825,46.0,71968.0,1,12.0,3.0
826,49.0,32095.0,5,15.0,1.0
827,31.0,43013.0,4,2.0,6.0
828,26.0,61706.0,2,6.0,2.0
829,36.0,42224.0,3,8.0,10.0
830,39.0,51840.0,3,4.0,5.0
831,19.0,29600.0,2,8.0,6.0
832,18.0,57450.0,2,23.0,1.0
833,40.0,50309.0,2,14.0,10.0
834,50.0,33406.0,1,12.0,3.0
835,37.0,69499.0,3,16.0,8.0
836,32.0,32387.0,2,4.0,4.0
837,37.0,58585.0,2,-0.0,6.0
838,38.0,67056.0,4,7.0,4.0
839,23.0,49382.0,2,11.0,4.0
840,38.0,48708.0,2,12.0,8.0
841,49.0,65705.0,3,7.0,5.0
842,40.0,70587.0,5,0.0,2.0
843,33.0,48702.0,1,13.0,9.0
844,44.0,40102.0,1,4.0,4.0
845,42.0,32476.0,5,5.0,6.0
846,23.0,39433.0,5,16.0,7.0
847,51.0,73469.0,2,10.0,4.0
848,45.0,22515.0,1,21.0,6.0
849,39.0,39159.0,3,9.0,9.0
850,41.0,28394.0,4,9.0,6.0
851,38.0,35008.0,3,8.0,5.0
852,26.0,51067.0,3,10.0,7.0
853,43.0,48309.0,5,8.0,4.0
854,36.0,43161.0,3,9.0,7.0
855,49.0,50642.0,3,7.0,2.0
856,29.0,52667.0,4,13.0,7.0
857,26.0,25690.0,2,15.0,8.0
858,25.0,51526.0,2,7.0,9.0
859,48.0,37655.0,3,7.0,5.0
860,35.0,39570.0,3,14.0,3.0
861,,40620.0,3,22.0,6.0
862,20.0,30167.0,5,5.0,1.0
863,66.0,21586.0,3,9.0,3.0
864,36.0,47441.0,1,12.0,6.0
865,28.0,56305.0,3,28.0,3.0
866,30.0,41889.0,2,4.0,5.0
867,49.0,28704.0,5,25.0,5.0
868,32.0,54720.0,3,17.0,3.0
869,22.0,68058.0,4,12.0,6.0
870,34.0,47911.0,4,0.0,9.0
871,55.0,75704.0,4,5.0,
872,50.0,44737.0,2,9.0,10.0
873,51.0,53554.0,3,17.0,5.0
874,27.0,47663.0,3,8.0,9.0
875,18.0,61477.0,3,14.0,3.0
876,31.0,56640.0,1,12.0,10.0
877,,63574.0,2,7.0,6.0
878,35.0,52160.0,4,13.0,2.0
879,46.0,63577.0,3,14.0,4.0
880,28.0,63727.0,4,4.0,6.0
881,26.0,46861.0,4,11.0,
882,22.0,43349.0,5,24.0,6.0
883,44.0,21101.0,3,17.0,5.0
884,40.0,66900.0,4,24.0,6.0
885,,54086.0,2,11.0,4.0
886,20.0,36331.0,1,7.0,8.0
887,29.0,58275.0,2,4.0,9.0
888,50.0,76000.0,3,6.0,8.0
889,40.0,58828.0,1,28.0,4.0
890,,60785.0,4,1.0,6.0
891,,66436.0,2,1.0,6.0
892,44.0,56724.0,5,0.0,5.0
893,28.0,66751.0,3,10.0,4.0
894,34.0,41430.0,5,10.0,5.0
895,39.0,47301.0,3,9.0,10.0
896,63.0,27171.0,3,12.0,2.0
897,44.0,45205.0,3,10.0,6.0
898,34.0,47206.0,3,2.0,9.0
899,37.0,43386.0,4,8.0,4.0
900,40.0,45739.0,3,19.0,5.0
901,33.0,24389.0,2,5.0,9.0
902,44.0,49075.0,5,16.0,
903,48.0,65189.0,2,8.0,5.0
904,65.0,63452.0,2,15.0,8.0
905,53.0,48641.0,1,11.0,2.0
906,39.0,61044.0,4,7.0,6.0
907,28.0,46734.0,3,8.0,6.0
908,21.0,59199.0,4,12.0,8.0
909,47.0,56462.0,5,12.0,2.0
910,50.0,48562.0,3,18.0,8.0
911,53.0,22790.0,3,0.0,6.0
912,39.0,17632.0,4,10.0,6.0
913,35.0,58332.0,3,10.0,3.0
914,34.0,35184.0,2,10.0,1.0
915,45.0,60836.0,5,3.0,2.0
916,18.0,79925.0,4,3.0,9.0
917,18.0,61640.0,2,13.0,10.0
918,18.0,46679.0,5,12.0,5.0
919,30.0,64663.0,4,17.0,5.0
920,34.0,73725.0,2,0.0,6.0
921,49.0,49495.0,4,19.0,6.0
922,36.0,68252.0,4,11.0,1.0
923,41.0,53906.0,2,15.0,3.0
924,34.0,57204.0,3,19.0,9.0
925,29.0,34056.0,1,17.0,2.0
926,22.0,46352.0,5,8.0,7.0
927,38.0,38201.0,4,8.0,4.0
928,,45574.0,3,13.0,7.0
929,22.0,39741.0,4,12.0,1.0
930,28.0,61240.0,5,18.0,2.0
931,,33995.0,5,0.0,3.0
932,25.0,39241.0,5,12.0,
933,50.0,54234.0,3,22.0,9.0
934,40.0,44711.0,1,16.0,7.0
935,41.0,40683.0,4,12.0,6.0
936,24.0,68043.0,2,17.0,9.0
937,28.0,45510.0,3,2.0,7.0
938,50.0,71186.0,2,10.0,5.0
939,27.0,34462.0,3,14.0,7.0
940,28.0,6628.0,3,19.0,9.0
941,43.0,50900.0,2,9.0,8.0
942,49.0,51775.0,4,8.0,5.0
943,50.0,72683.0,3,7.0,5.0
944,38.0,175920.0,3,11.0,4.0
945,28.0,52594.0,5,3.0,4.0
946,39.0,33794.0,2,13.0,3.0
947,41.0,55734.0,5,15.0,4.0
948,32.0,64634.0,3,19.0,10.0
949,32.0,53503.0,4,21.0,2.0
950,44.0,38348.0,2,1.0,4.0
951,59.0,54518.0,4,16.0,8.0
952,18.0,71815.0,3,3.0,2.0
953,36.0,63222.0,4,4.0,3.0
954,18.0,41261.0,3,15.0,6.0
955,36.0,30607.0,3,9.0,4.0
956,,50484.0,3,20.0,1.0
957,59.0,62534.0,5,8.0,6.0
958,42.0,53841.0,5,17.0,4.0
959,22.0,38218.0,3,14.0,4.0
960,54.0,37104.0,3,20.0,5.0
961,18.0,60303.0,5,12.0,9.0
962,43.0,48485.0,3,11.0,8.0
963,57.0,31688.0,4,4.0,5.0
964,40.0,38246.0,4,7.0,9.0
965,44.0,57819.0,1,8.0,10.0
966,42.0,56081.0,3,0.0,9.0
967,34.0,42748.0,2,8.0,8.0
968,39.0,57349.0,1,4.0,7.0
969,18.0,45100.0,1,10.0,10.0
970,42.0,32039.0,2,8.0,3.0
971,27.0,63509.0,3,25.0,5.0
972,46.0,45733.0,1,2.0,2.0
973,32.0,43233.0,5,0.0,
974,34.0,77918.0,3,0.0,8.0
975,33.0,68246.0,3,9.0,3.0
976,26.0,54910.0,3,15.0,8.0
977,42.0,29192.0,2,13.0,5.0
978,32.0,62482.0,3,13.0,4.0
979,23.0,49798.0,4,27.0,4.0
980,30.0,41628.0,4,21.0,3.0
981,33.0,22339.0,1,22.0,8.0
982,40.0,76997.0,4,12.0,2.0
983,38.0,30047.0,3,13.0,6.0
984,,71354.0,3,21.0,7.0
985,39.0,51879.0,3,7.0,7.0
986,62.0,34203.0,1,13.0,3.0
987,32.0,58950.0,2,0.0,1.0
988,18.0,37526.0,2,0.0,10.0
989,21.0,36919.0,3,8.0,3.0
990,27.0,47751.0,5,17.0,9.0
991,49.0,44505.0,4,1.0,3.0
992,50.0,35713.0,3,15.0,7.0
993,29.0,50966.0,1,14.0,8.0
994,38.0,57444.0,4,4.0,
995,34.0,65114.0,5,10.0,7.0
996,20.0,36353.0,2,19.0,9.0
997,36.0,45824.0,4,23.0,9.0
998,39.0,30082.0,4,14.0,9.0
999,22.0,68570.0,5,16.0,5.0
1000,38.0,68283.0,1,0.0,9.0
